<?xml version="1.0" encoding="utf-8"?>
<!DOCTYPE hibernate-configuration PUBLIC
"-//Hibernate/Hibernate Configuration DTD 3.0//EN"
"http://hibernate.sourceforge.net/hibernate-configuration-3.0.dtd">

<hibernate-configuration>
	<session-factory>
		<!-- DB Connection -->
		
        <property name="hibernate.connection.driver_class">org.postgresql.Driver</property>
        <property name="hibernate.connection.username">postgres</property>
        <property name="hibernate.connection.password">postgres</property>
        <property name="hibernate.connection.url">jdbc:postgresql://localhost:5432/longin3</property>
        
        <!-- Jdbc Connection pool -->
        <property name="connection_pool_size">1</property>

		<!-- SQL-Dialect -->
		<property name="hibernate.dialect">org.hibernate.dialect.PostgreSQLDialect</property>
		
		<!-- Type of running -->
        <property name="hbm2ddl.auto">create1</property>
		
		<!-- Show all sql  -->
        <property name="show_sql">true</property>

		<!-- Names the annotated entity class -->
        <mapping class="com.infinira.id.model.UserDetails"/>
        <mapping class="com.infinira.id.model.Person"/> 
  
	</session-factory>
</hibernate-configuration>